ALFA ROMEO,Italy,2016
Aston Martin Lagonda Ltd,UK,2016
Audi,Germany,2016
BMW,Germany,2016
Chevrolet,USA,2016
Dodge,USA,2016
Ferrari,Italy,2016
Honda,Japan,2016
Jaguar,UK,2016
Lamborghini,Italy,2016
MAZDA,Japan,2016
McLaren,UK,2016
Mercedes-Benz,Germany,2016
NISSAN,Japan,2016
Pagani Automobili S.p.A.,Italy,2016
Porsche,Germany,2016
FIAT,Italy,2016
Mini,Germany,2016
SCION,USA,2016
Subaru,Japan,2016
Bentley,UK,2016
Buick,USA,2016
Ford,USA,2016
HYUNDAI MOTOR COMPANY,South Korea,2016
LEXUS,Japan,2016
MASERATI,Italy,2016
Roush,USA,2016
Volkswagen,Germany,2016
Acura,Japan,2016
Cadillac,USA,2016
INFINITI,Hong Kong,2016
KIA MOTORS CORPORATION,South Korea,2016
Mitsubishi Motors Corporation,Japan,2016
Rolls-Royce Motor Cars Limited,UK,2016
TOYOTA,Japan,2016
Volvo,Sweden,2016
Chrysler,USA,2016
Lincoln,USA,2016
GMC,USA,2016
RAM,USA,2016
CHEVROLET,USA,2016
Jeep,USA,2016
Land Rover,UK,2016
